grn_language_id,iso_code
1,amh
4,arn
5,hyw
6,nhg
7,ayr
8,nhw
9,azz
10,bam
11,bum
13,yue
15,caa
16,clo
18,coc
19,hat
21,nld
23,fra
24,deu
26,hin
27,hop
29,ita
30,jiv
31,kek
33,sgc
34,run
35,ind
37,cmn
38,mar
39,yua
40,maz
41,mau
43,mig
44,mos
45,nav
46,ote
48,quc
49,rus
50,sag
51,som
53,swe
54,tsz
55,tee
56,tpl
57,tos
59,snv
61,urd
62,yor
63,yaq
64,yum
65,zaa
66,zai
67,zav
68,zoc
69,zun
70,ilo
71,tgl
72,ydd
73,bxg
75,kam
76,hch
77,suk
78,shp
80,kik
81,zul
82,poi
83,shn
84,qug
86,wbm
87,bas
88,lin
91,pbs
92,tel
93,tsc
94,nkw
96,jpn
97,quh
99,lua
100,zmp
101,nod
102,spy
103,kor
104,hmd
105,alz
107,tfn
110,tso
112,aii
113,cdo
114,pow
115,ell
116,ktu
117,pol
118,udu
120,ale
123,tsi
124,hdn
125,tli
130,ndc
131,tur
132,mal
133,ces
138,gbr
139,lvs
140,bem
141,agr
142,fin
145,tll
146,nba
147,bci
148,ctd
149,umb
150,guj
151,swc
152,nso
153,luo
154,lia
155,tem
156,tar
157,njo
158,esu
159,ssw
161,toj
162,kat
163,gil
165,hun
166,cjk
167,otm
168,kng
170,box
171,jit
172,ben
173,azb
174,tam
175,kac
176,miq
178,nno
179,see
180,gui
181,fat
182,adx
184,afr
185,nan
187,mxc
189,wti
190,ake
191,dak
192,ivb
193,ivv
194,crk
195,mya
196,haw
197,yak
199,goa
200,bla
202,hil
203,win
204,tir
205,pap
206,pem
207,lch
209,amu
210,vai
211,gol
212,qui
215,klu
216,tix
217,spo
218,oka
221,trs
222,lgg
223,kml
224,nnc
225,sba
226,xpe
227,lbk
228,pib
229,nez
230,shh
231,mus
233,ifk
234,cbr
235,ciw
236,lea
238,ksw
240,kog
243,guc
244,sot
245,yup
246,maw
247,kio
248,mni
249,wba
253,kha
254,com
255,cuk
256,bya
257,plw
258,agn
260,sjm
261,tbk
262,cyo
263,tsg
264,ilp
265,hnn
266,iri
267,mbi
268,cbk
269,mta
270,mdh
271,clu
273,mbt
274,yka
275,kqe
276,xho
277,ceb
279,sgd
280,mbd
281,msk
282,klg
283,daw
285,raw
286,wal
287,ibg
288,igl
289,bpr
290,bgs
291,nzb
292,khk
293,sml
295,ukr
296,laa
297,tld
299,tiy
300,bkd
301,akl
303,brf
304,ekg
305,rnd
306,ame
307,shk
308,njm
309,yog
310,tan
311,tts
314,rad
316,glr
317,chr
318,cho
319,xsm
320,shr
321,ikt
323,yuz
324,prf
325,ibl
326,pam
330,kpm
331,lue
332,ngl
335,bcl
337,dan
338,kan
340,hak
341,smo
342,sid
345,sin
347,lee
348,isl
349,kmr
350,mcr
351,smn
353,esi
354,nyk
357,doa
358,wgi
359,plt
363,war
365,khm
367,irn
368,wiu
370,tbl
371,cjp
372,iba
373,waw
376,iwm
379,hmo
380,tpi
382,urt
384,dtp
387,chy
388,aty
390,lgr
391,gga
392,agu
393,ged
395,kjb
397,mwm
399,mnw
400,cnh
401,csh
402,bbu
403,men
404,kyu
405,srn
406,nau
408,mvv
409,bsy
410,heb
411,mla
412,mph
414,bwe
416,pwo
417,ium
418,sgz
419,tbc
420,sst
421,cpx
422,kue
425,tmy
427,kqa
429,bzh
431,fij
432,meu
434,vls
436,big
437,hot
438,ian
441,gdd
442,okv
445,jae
446,gaw
449,bef
450,spm
451,gaf
453,snc
454,mpx
457,gah
458,snp
459,for
461,kbq
464,tbg
465,ssx
466,foi
469,anx
470,sbh
471,lek
472,pkg
474,tof
475,faa
476,med
477,mbf
478,tlx
479,los
481,zsm
483,emp
484,kit
485,ttv
493,lbq
494,dij
495,lbu
497,bek
499,iar
501,kqi
503,bhg
504,nxr
505,kxz
506,zik
507,mnp
509,sbc
510,lle
511,buk
513,kcl
514,aog
517,bzf
521,wed
523,ons
524,adz
525,yon
528,tlf
529,ahk
530,kdt
532,knv
534,aac
536,ggw
537,aey
542,jac
544,kvg
545,sui
547,kqb
549,pwa
550,ksj
551,mek
553,mbq
554,leu
555,apr
556,kij
558,bbv
561,awi
562,enq
563,idi
564,hui
567,kup
568,mwc
571,kys
572,ttw
573,zbc
575,pne
576,kbm
578,mna
579,dob
582,ubu
587,svb
589,van
590,yan
591,nbu
592,nzm
593,asm
595,tsj
596,lus
599,kxn
602,dof
609,mgu
610,hul
612,yle
616,tsx
618,sat
619,xac
620,dge
624,wsk
625,ksd
626,rwo
627,niu
628,bfh
629,kiw
631,tqo
635,kpx
638,gdr
639,dby
640,zia
644,kwj
645,bbr
647,mwi
649,llu
650,hmr
651,kwf
652,rro
653,mib
654,alu
655,syl
656,kzi
658,oro
659,huv
662,ayo
664,bft
667,gno
668,kas
669,dgo
670,bbc
671,btx
672,bts
675,dzo
676,jav
677,lep
678,sip
679,unr
681,mjw
682,apt
685,sck
686,der
688,mad
689,sun
692,tlb
694,bhp
695,gbi
697,tet
698,ban
699,bhz
700,sas
702,mak
703,bug
706,klz
711,sda
712,blz
714,mer
715,end
716,wlo
717,ilu
718,aoz
720,nil
722,myl
723,bhd
724,sgj
725,mhy
726,nij
727,otd
728,rog
729,crw
731,ory
732,tmn
733,abs
734,nia
737,kje
738,loe
743,byd
745,tuv
746,hne
751,kxu
752,pck
754,kfy
755,ria
758,cje
759,tcz
761,pan
762,nut
763,bdq
765,jra
766,sti
770,nmf
774,lmn
775,bjn
776,lir
778,mev
779,dln
780,xnr
786,krn
788,pcb
789,sed
790,mtq
791,cma
792,tou
794,blt
797,rah
799,heg
800,lew
801,tom
802,bns
805,sly
807,lje
809,sge
811,pmf
812,tjg
815,xkl
819,xbr
820,hvn
822,dmr
823,mnb
824,kei
827,lti
828,bpz
829,mqn
831,kod
832,bpy
833,biu
835,gbk
836,ewe
837,vap
838,gnb
845,brh
847,pbu
848,mjx
849,prs
860,kmm
861,anm
864,mah
865,zar
867,hno
869,dis
872,jns
876,nsm
877,pon
878,kos
879,tcx
881,pbv
883,ctt
884,kfi
885,kgk
886,nbi
887,hra
888,njn
889,chq
890,scl
891,kfe
892,iru
895,njh
897,ral
900,cdf
901,nma
902,lbj
907,mfz
908,bfq
909,myb
912,lot
913,toq
914,lkr
915,bdi
916,loh
917,mhi
918,nyi
922,kcr
925,kgo
927,mor
928,mgc
932,avu
933,hay
936,anu
938,bdh
939,tic
940,ach
941,muh
944,jum
945,lky
947,bfa
948,otr
951,did
952,shw
954,lro
955,hbn
956,mqu
960,bxk
962,nuj
963,alj
965,xog
967,rag
968,mas
970,bez
971,irk
972,nun
973,adh
974,zin
976,ymb
980,poy
981,sad
983,nym
984,ttj
985,teo
986,xbi
987,ruf
988,zak
989,myx
991,sea
992,tny
993,nyn
995,zaj
998,saq
999,lao
1000,bps
1001,mej
1004,keo
1005,kjg
1006,bmb
1007,por
1010,tth
1011,tnm
1012,nir
1015,ifu
1016,pga
1017,bru
1019,ndj
1021,mnz
1022,ngp
1024,cja
1027,xnz
1028,gow
1029,rim
1030,mwn
1031,orz
1033,dug
1035,lag
1037,nyf
1038,ssn
1039,tum
1040,soz
1041,tog
1042,wbi
1043,hts
1044,lsi
1045,kde
1046,ary
1047,coh
1048,cni
1049,nim
1050,thk
1054,isn
1055,gog
1056,dav
1057,haq
1059,nih
1060,niq
1061,lai
1062,kuj
1063,guz
1066,heh
1067,rui
1070,jmc
1077,ntk
1078,asa
1079,wbj
1083,nnq
1084,cab
1088,ndh
1089,bou
1091,sbp
1092,ziw
1093,gom
1094,mwe
1095,nyd
1096,gwr
1097,cgg
1098,xnj
1099,ksb
1100,swk
1101,koo
1108,tuy
1109,yao
1115,kdj
1116,sos
1117,laj
1118,kpz
1120,nyo
1121,kin
1123,wkd
1124,tha
1126,kvl
1127,wsa
1129,csy
1130,lug
1133,ril
1134,msl
1135,urk
1136,mwt
1137,kge
1138,kvb
1140,hal
1141,tft
1142,bnv
1146,mrf
1147,khb
1148,aeu
1152,kkh
1155,kdi
1159,mhx
1163,bfe
1167,sou
1171,kht
1172,min
1173,aon
1174,bkl
1175,mwv
1182,kjt
1187,pdn
1188,skv
1190,swr
1191,yki
1192,grs
1193,mfy
1194,cjm
1195,akb
1201,mur
1205,brp
1209,msm
1210,kjr
1212,ipo
1214,njs
1215,prm
1217,flr
1220,buf
1225,tzm
1226,wbb
1232,tig
1233,yuj
1237,byn
1238,mle
1239,kun
1240,ssy
1243,bio
1244,kwt
1245,kdy
1248,mcc
1249,klq
1252,gop
1253,akc
1257,dsn
1260,mnu
1261,dei
1262,nyj
1266,nix
1267,ktf
1268,zmb
1270,sop
1272,had
1274,bod
1275,slx
1276,doo
1277,kny
1279,mdp
1280,ndp
1282,bhy
1286,hoo
1289,xmt
1291,slz
1296,mxh
1297,tlj
1298,niy
1300,scs
1308,chp
1309,kel
1311,zne
1315,msg
1316,dgr
1317,mdk
1324,arz
1325,log
1326,mxn
1328,les
1329,nyg
1330,luc
1331,snm
1337,tbt
1338,hav
1339,dni
1340,lcc
1341,kgb
1349,kbo
1350,tap
1353,bnx
1354,nzk
1361,nlj
1367,luj
1370,nga
1371,fuu
1372,gox
1373,nxd
1377,mdj
1383,mdn
1385,kpl
1389,zms
1392,lie
1399,mfc
1402,lmi
1403,lik
1406,hol
1407,bkg
1409,soc
1411,gbg
1412,buu
1419,led
1422,lna
1425,bcp
1426,agh
1429,efe
1430,jnj
1432,prx
1433,auc
1434,hdy
1435,ktb
1436,yae
1437,gru
1438,drs
1439,bji
1441,oyd
1443,kbr
1444,amf
1447,mri
1450,mch
1453,bcq
1455,hae
1458,she
1459,ahg
1460,aar
1461,pid
1462,guu
1465,bjk
1466,rai
1467,lih
1468,bjp
1469,nal
1470,gfk
1474,pek
1475,sjr
1476,tbj
1477,kqw
1478,lcm
1479,ler
1480,ncf
1481,mxm
1482,twp
1483,mmx
1486,ata
1487,blq
1488,gim
1490,tgc
1495,bjo
1497,liz
1499,ygr
1500,ngb
1501,moj
1504,dem
1508,dnw
1516,asy
1518,lel
1521,kgq
1525,won
1528,qvs
1529,zmq
1530,jeb
1531,arl
1532,hum
1534,cbu
1535,mcb
1536,qub
1538,qvn
1539,cod
1540,ore
1541,cbt
1543,yaf
1546,yns
1547,bni
1548,bws
1550,boh
1555,tii
1556,pui
1558,sab
1562,kws
1564,ksv
1566,skt
1574,lse
1575,kmt
1576,msf
1578,tti
1580,hub
1581,iqu
1582,qvw
1583,qxl
1584,dez
1585,acu
1586,qvo
1587,qvi
1588,cbi
1589,tsn
1593,shc
1594,gmm
1596,dur
1597,mdd
1598,quz
1600,gec
1602,oub
1603,cbs
1607,cce
1609,kqn
1610,lam
1611,loz
1612,kss
1613,bza
1614,dee
1615,boa
1616,ggb
1617,tsv
1618,cof
1619,nwb
1620,blh
1622,neb
1623,hmt
1627,ven
1628,smt
1629,shu
1630,bev
1631,btg
1632,gxx
1633,wob
1635,mug
1637,gid
1638,mua
1640,tui
1642,lme
1643,lak
1646,zim
1647,pmy
1648,pbb
1649,tlq
1650,snq
1651,yad
1652,huu
1654,sbg
1657,bpp
1658,dbn
1659,sao
1661,ury
1663,hux
1664,quy
1665,mbc
1670,hix
1671,pov
1673,rey
1675,tca
1678,puu
1683,caz
1684,ito
1685,swj
1686,gyr
1687,brg
1688,cyb
1689,cax
1690,trn
1691,ign
1692,cas
1693,mzp
1694,aro
1696,ese
1697,tna
1698,cap
1699,srq
1705,knf
1706,szg
1711,pht
1713,dag
1714,lob
1715,sld
1716,dga
1717,nnw
1718,dya
1723,pru
1724,bdw
1725,knd
1726,ner
1728,kzm
1729,ihp
1732,zrs
1733,xod
1734,agf
1736,oni
1737,jbj
1738,asi
1742,bbp
1746,bib
1747,kfz
1748,kus
1749,ndr
1750,knc
1751,amb
1752,btu
1753,ybl
1756,tiv
1757,kub
1758,brt
1759,ich
1760,utr
1764,juk
1765,bba
1769,nup
1770,dgh
1771,bdm
1776,bwr
1777,ckl
1778,fli
1779,hbb
1780,hwo
1781,yun
1782,mrt
1783,mfl
1785,mfm
1786,gde
1787,gqa
1791,lla
1795,ood
1798,pbc
1799,irr
1805,brb
1820,nka
1821,mck
1825,tto
1830,mnk
1831,nde
1833,bif
1834,naj
1835,sus
1836,msw
1837,snk
1838,kck
1839,wap
1840,ilb
1841,leh
1844,shq
1845,sby
1849,pbp
1850,kcj
1852,bcz
1854,bda
1855,ccj
1856,bli
1857,lol
1858,nto
1864,lmd
1866,bjt
1867,ldl
1868,bsc
1869,mey
1870,bil
1873,wlv
1874,ifa
1875,cag
1879,bqj
1880,csk
1881,krx
1883,dyo
1885,wol
1886,srr
1887,ccg
1888,ndi
1889,ldp
1890,bcy
1891,agt
1892,bcn
1893,kwb
1894,ver
1895,bta
1896,kna
1898,tmf
1900,mca
1901,crq
1902,aqt
1903,spn
1904,gug
1906,awu
1907,mgf
1908,bpv
1909,kcd
1910,jei
1911,mrz
1912,moc
1915,ldj
1916,kuh
1917,dbd
1918,awo
1921,dbm
1922,bys
1923,crt
1924,diz
1926,hre
1927,rgs
1928,say
1929,ktv
1931,cua
1932,pac
1935,ttr
1936,xsn
1937,tul
1940,tob
1941,plg
1942,aqg
1943,kcq
1944,ryu
1945,kwn
1946,mhw
1947,knw
1949,her
1950,xuu
1951,kua
1952,ndo
1954,nhr
1955,huc
1957,ghl
1958,mfa
1961,jgk
1962,kaj
1963,kai
1966,grd
1968,plj
1969,wja
1974,acz
1975,zat
1979,teq
1980,kdu
1981,liu
1982,taz
1984,sbl
1985,xsb
1988,ilk
1989,ami
1990,bnn
1991,dru
1993,pwn
1994,pyu
1996,trv
1998,tay
1999,tsu
2000,tao
2003,gew
2005,jab
2007,tte
2009,ldb
2011,bxh
2012,swp
2016,pkt
2022,spu
2025,kpc
2028,kil
2029,khj
2030,mkf
2031,sha
2032,yes
2033,kdm
2034,bsf
2035,cdr
2037,lan
2038,sho
2039,bzw
2042,bol
2043,dbb
2048,jku
2049,kks
2050,lnu
2051,nbh
2052,cch
2055,bvh
2059,png
2061,bga
2062,ngi
2063,uth
2064,uss
2065,gel
2066,lop
2067,cry
2068,kof
2069,mda
2071,vkn
2073,dri
2074,res
2075,kdl
2078,tsw
2080,bnj
2081,twb
2084,rol
2085,bte
2086,afo
2087,bkq
2088,xav
2089,ter
2090,wji
2092,tdy
2094,dje
2095,cac
2096,buj
2099,kgp
2100,gun
2101,xok
2102,nin
2103,iyo
2108,uta
2109,bin
2110,usp
2111,kkz
2112,haa
2113,ttm
2114,dza
2118,pay
2121,myw
2122,mlt
2124,atk
2125,ego
2127,gpa
2128,kmi
2129,gwn
2132,akf
2135,agc
2136,ige
2137,iry
2139,ala
2140,aab
2141,mma
2142,mgi
2143,gmz
2145,rin
2146,krj
2147,bks
2149,nab
2150,pab
2151,kbc
2152,guh
2153,pio
2154,chj
2161,mbb
2162,con
2167,bdd
2170,mzz
2171,mox
2179,mwa
2180,dva
2181,gvs
2186,kud
2188,lwl
2189,dil
2190,eka
2191,bkv
2192,etu
2195,bkm
2196,iqw
2198,bde
2199,ets
2201,ofu
2202,ish
2203,mfo
2207,opa
2208,oso
2209,une
2210,yaz
2212,qun
2214,bwd
2215,klx
2217,mvn
2221,yml
2222,noe
2223,pag
2224,abm
2225,atg
2227,pes
2228,fun
2229,apn
2230,txu
2231,kpj
2232,mbl
2234,kui
2235,mmh
2236,yaw
2237,eze
2238,eza
2239,kez
2240,app
2241,bfy
2243,bzy
2244,org
2246,bec
2248,kul
2250,nbr
2255,ncu
2256,bud
2257,gaa
2258,gjn
2259,hag
2262,xon
2263,kdh
2265,las
2266,mzw
2267,saf
2269,sil
2270,vag
2271,wlx
2273,jid
2274,izz
2275,mfn
2276,ekr
2277,yba
2281,asu
2282,gub
2283,xer
2285,ukp
2287,alf
2288,ybj
2292,ykk
2293,kqf
2295,tpa
2298,jma
2300,ayu
2304,tdv
2306,bgi
2307,gad
2310,plv
2311,mmn
2312,atd
2313,azt
2314,skn
2317,dgc
2318,agy
2319,due
2320,gvp
2321,xri
2322,xra
2324,tgo
2326,obo
2327,mbs
2329,jvn
2330,srm
2332,hns
2333,tri
2334,way
2335,pau
2336,krh
2337,arw
2338,eme
2339,car
2340,amo
2341,bqc
2342,mzr
2343,pav
2345,aui
2348,dgg
2350,wgb
2352,mti
2354,gdn
2355,mkl
2356,deg
2357,gkn
2358,ann
2359,tkq
2360,dop
2361,rwr
2362,gcr
2363,oym
2364,mav
2365,epi
2368,enn
2369,anw
2370,efi
2371,kcf
2372,odu
2373,okx
2374,orx
2375,ekp
2376,ibb
2377,abn
2378,aaa
2379,coj
2380,env
2381,oks
2382,elm
2383,ogc
2386,ogg
2390,iso
2391,its
2394,iby
2395,ijn
2396,ijs
2397,nkx
2398,okr
2400,urh
2401,oke
2406,pir
2407,bwi
2408,cub
2409,adl
2411,hoj
2412,taj
2413,urb
2414,shb
2415,plu
2417,onj
2419,yrb
2420,bos
2423,kfx
2424,bfu
2425,lbf
2427,mjl
2431,ubr
2432,lac
2433,kqs
2434,aai
2437,kpr
2440,zos
2441,kfs
2444,kfk
2446,tnl
2447,npl
2450,zua
2451,bor
2452,zpy
2453,zaw
2456,mir
2459,tyy
2463,anc
2464,ank
2465,fie
2466,bux
2472,kbz
2473,arq
2475,xrb
2476,gna
2477,jbm
2478,gek
2481,nqt
2483,sur
2484,kab
2485,bau
2488,mtl
2489,tal
2490,yer
2491,mjs
2492,yrl
2493,bjc
2495,nou
2497,gcn
2499,bjz
2500,dgx
2507,tdk
2508,khg
2512,aez
2515,lif
2516,aeb
2517,mrd
2526,gkp
2527,bcg
2528,fuf
2529,ldm
2530,knu
2532,yal
2534,izr
2535,nar
2538,khq
2539,etx
2540,klk
2541,fir
2543,pcn
2545,ksa
2546,gwa
2548,pcw
2550,bze
2551,ffm
2552,myk
2554,aba
2555,adj
2556,byj
2557,dbv
2558,jaf
2559,pil
2562,cfd
2563,dtm
2564,hoe
2566,scw
2570,kce
2571,kkd
2572,kku
2573,kch
2574,sde
2575,ruy
2576,ruz
2577,sek
2579,jib
2580,mcu
2581,pip
2584,ldo
2585,yot
2586,sym
2587,bxq
2588,pym
2590,dir
2591,mzk
2592,bea
2593,crx
2594,lns
2596,agq
2597,anv
2599,bri
2600,bfd
2601,bss
2602,ybb
2604,krp
2605,bwt
2607,ken
2608,bbi
2609,bsi
2610,bnm
2611,mnf
2616,pny
2618,dua
2619,wes
2621,yam
2622,nza
2623,lmp
2626,mhk
2628,taq
2629,bbk
2630,mgo
2632,ndb
2634,tgd
2638,pqa
2639,cfa
2642,nge
2645,dwa
2647,bcr
2648,clc
2649,has
2650,ncg
2651,nuk
2652,mbo
2654,bbt
2655,tdo
2656,bcv
2657,jen
2658,mko
2659,glo
2660,gua
2661,jmi
2662,bka
2664,jbu
2666,jmb
2667,gea
2669,ati
2670,dtb
2671,abi
2672,abu
2675,mtb
2677,chx
2682,avi
2683,gud
2684,dyi
2685,nmm
2686,ebr
2687,ggu
2690,kyf
2691,lor
2695,ths
2697,ney
2699,kzc
2700,sev
2701,plr
2705,aom
2708,scp
2709,ted
2710,bht
2712,cdh
2717,nbc
2718,ald
2719,mco
2723,pos
2724,cuc
2727,ztx
2728,mxq
2732,zad
2733,miy
2736,zas
2740,zpu
2741,zpa
2742,aji
2743,iai
2744,dhv
2745,nen
2746,pri
2749,kbp
2750,ajg
2751,guw
2752,llc
2753,cko
2754,knk
2755,fan
2756,pug
2757,ncj
2758,ctl
2760,zts
2762,mit
2763,gej
2765,tbz
2766,mql
2768,zam
2774,lum
2776,cob
2777,aix
2778,mwg
2779,keu
2780,bim
2781,akt
2783,sif
2785,pss
2786,keb
2787,vif
2788,pic
2789,mye
2791,kol
2792,lmg
2793,gip
2794,khl
2795,mgl
2796,aaw
2798,nqg
2800,beh
2801,fon
2802,cou
2804,tgw
2805,wib
2807,mxl
2809,wwa
2810,gng
2811,kst
2812,ngs
2814,kpo
2816,wbf
2817,smw
2820,mhc
2821,hvv
2822,mzl
2825,mto
2828,zpg
2829,zpf
2830,zpe
2833,mdw
2834,bui
2836,sng
2837,lup
2838,ifm
2839,tyi
2840,usi
2842,nph
2843,nbe
2844,mhu
2845,mxj
2848,was
2849,maf
2850,mfh
2854,pmm
2856,tsa
2857,koh
2859,dma
2865,ngz
2866,axk
2867,mbm
2869,ldi
2870,beq
2871,cut
2872,mil
2873,kjq
2874,bkw
2875,ker
2878,fll
2880,mkw
2881,vut
2882,bhs
2883,mcs
2884,dbq
2885,knp
2887,cuv
2889,gis
2891,cso
2892,chd
2894,cux
2895,cpa
2896,mio
2897,mie
2898,dkx
2899,bre
2900,dme
2901,mif
2902,hna
2903,mfj
2909,gsw
2910,bax
2911,poe
2912,pbi
2913,ots
2914,zpn
2915,zac
2916,zae
2917,too
2918,maj
2919,trc
2920,mse
2921,bmi
2922,tik
2924,usa
2925,kmu
2926,gou
2927,vem
2929,kvj
2930,bcw
2935,daa
2937,wnc
2938,kyq
2939,zag
2942,yay
2943,sbz
2946,agb
2947,ksf
2948,udl
2949,ibm
2951,kbl
2953,akd
2955,iki
2956,bva
2959,mcw
2960,ayi
2961,bcs
2963,byc
2964,umm
2966,mne
2967,sjg
2969,jic
2971,mde
2972,mbz
2973,mxv
2974,hed
2976,sok
2977,zpl
2978,zpw
2979,zph
2981,nds
2982,lln
2983,mmy
2984,bid
2985,kvn
2986,cto
2987,bbb
2988,kqc
2989,mds
2990,gum
2991,gut
2993,huf
2994,acd
2995,kye
2997,scn
2998,ghs
2999,gaj
3001,nko
3005,nac
3006,shi
3009,kmh
3010,afu
3011,ntr
3012,lef
3013,naw
3014,gur
3015,kby
3016,bbo
3021,tga
3023,enb
3024,oki
3027,slv
3030,nap
3031,ebu
3033,fry
3036,dig
3037,kal
3039,rel
3040,tau
3043,ses
3046,kno
3048,bhl
3049,fai
3050,mpt
3051,opm
3052,tif
3054,tei
3056,spp
3057,kyy
3059,bjr
3060,bgw
3061,xom
3062,hlb
3063,cde
3064,aao
3066,rif
3067,kao
3068,rkm
3070,bmq
3073,moy
3074,kxv
3075,dsh
3078,lok
3079,nzi
3082,nsa
3083,suq
3084,aln
3085,cym
3086,mpe
3088,kmo
3089,kie
3094,uri
3097,awb
3098,tuq
3099,djc
3100,ckb
3101,ppo
3102,fvr
3103,mov
3104,kot
3105,bfz
3106,mfi
3109,sys
3111,mxu
3112,skb
3120,lbn
3121,phq
3122,mji
3128,esk
3129,har
3132,guk
3133,cta
3135,zoh
3136,mdy
3137,ngu
3138,gbv
3142,pao
3143,zwa
3144,nhe
3145,kmq
3146,noz
3147,coz
3148,nhp
3149,bwo
3154,auy
3155,cbg
3156,stp
3158,alw
3161,aiw
3163,cos
3165,cra
3166,bul
3169,stt
3170,cat
3171,glg
3173,sro
3175,src
3177,mbp
3178,arh
3179,snn
3180,amc
3181,pbg
3183,khu
3185,not
3186,ura
3187,cul
3188,ksp
3189,hut
3191,mzv
3192,bjh
3193,pnz
3194,bao
3195,cbc
3196,gvc
3197,kaq
3198,guo
3202,bar
3203,byz
3204,yui
3205,xal
3206,ess
3207,bqs
3208,ado
3211,mcd
3213,hoc
3214,brq
3216,kbx
3217,khr
3223,afi
3225,slk
3226,tav
3227,raa
3228,tuo
3230,rab
3231,tdh
3232,nre
3233,iws
3235,nud
3236,boq
3239,bsn
3240,wog
3241,duc
3242,cao
3244,gvf
3245,gvo
3246,myu
3247,leq
3248,niw
3250,owi
3258,can
3260,kis
3262,aoe
3264,age
3265,mkd
3266,cnt
3267,oma
3268,gle
3269,alx
3270,kms
3271,bnw
3272,mtf
3273,bit
3275,lsr
3276,mbx
3277,mkc
3279,auk
3281,yde
3283,bey
3284,apy
3285,nux
3286,ape
3287,crn
3288,yra
3289,tuf
3291,mot
3292,miz
3293,tnc
3294,mxt
3295,ycn
3296,zpc
3297,pis
3299,glk
3300,mzn
3301,arb
3303,lrc
3304,lki
3306,aee
3307,xvi
3309,uzs
3310,ano
3315,jun
3316,sto
3317,psh
3318,tuk
3320,bqi
3322,kbh
3323,sja
3324,gvn
3325,kky
3330,sdg
3331,wbk
3338,glh
3341,bsh
3342,pls
3344,prc
3345,prn
3346,nli
3348,gwt
3350,sts
3352,tcf
3355,blw
3360,ayn
3366,bzd
3367,pdc
3369,isk
3370,sgh
3371,uig
3373,jat
3374,kir
3375,mnj
3377,kaz
3378,sgy
3380,wbl
3382,lil
3383,kak
3384,ifb
3385,mix
3388,ajp
3390,abh
3393,gju
3395,tra
3399,crh
3400,wrd
3401,mxy
3402,zpd
3404,nri
3405,bac
3406,gau
3408,git
3411,cbv
3413,frc
3417,ojb
3418,pdt
3419,pqm
3420,moh
3421,one
3422,tus
3423,ify
3425,aif
3426,amt
3427,avt
3429,bpw
3430,aof
3431,bhf
3432,eit
3433,siu
3434,wnp
3435,mmp
3436,nce
3437,lgt
3438,rhp
3439,yev
3440,mic
3441,ace
3442,apz
3443,amm
3444,aca
3445,coe
3446,slc
3447,itr
3448,cui
3449,syb
3450,kxm
3451,bfw
3452,kff
3455,key
3456,apm
3457,kfc
3458,jam
3461,bha
3463,meh
3467,acf
3468,noa
3469,knj
3472,tac
3474,quv
3475,sme
3476,mop
3478,moa
3479,yre
3480,dts
3481,tod
3483,gcf
3485,thp
3486,lkt
3488,lit
3489,moe
3490,iow
3491,cku
3492,gla
3495,trf
3496,cbd
3497,gbl
3498,kwi
3499,cmi
3500,tdc
3501,pce
3502,xkv
3503,diu
3504,dhm
3507,pcj
3510,dho
3511,tma
3512,mls
3513,kia
3514,knm
3515,knt
3516,mpd
3517,ywn
3518,yaa
3519,gae
3521,mai
3522,jup
3525,kfv
3526,txo
3527,mfe
3529,tkg
3532,skg
3533,xmw
3535,dao
3538,wry
3539,wbr
3540,trp
3541,gra
3542,kfu
3546,rei
3548,mdm
3552,ssi
3553,sbn
3556,gjk
3557,kvx
3559,kxp
3560,kls
3562,khw
3563,plk
3565,mve
3567,odk
3569,emb
3574,ntp
3575,mup
3579,buo
3580,hah
3581,hla
3588,pex
3590,roo
3591,sps
3592,siw
3594,tio
3595,uis
3598,kbe
3600,aia
3602,bvd
3603,bvc
3604,baa
3605,tqu
3607,bxa
3608,blb
3609,brr
3610,bgt
3611,mnm
3613,dor
3614,nke
3615,far
3618,msn
3619,gri
3620,tgs
3621,nlg
3627,kkk
3629,kji
3630,kwd
3632,nuq
3633,ghn
3634,lml
3635,lgl
3636,lvk
3638,lgu
3639,mln
3642,mvo
3643,mrm
3645,mte
3646,mtt
3647,mlv
3652,nfl
3655,ora
3657,piv
3658,mnv
3659,rug
3660,apb
3662,svs
3665,sbb
3668,agw
3669,mlu
3672,tva
3673,mpr
3674,vnk
3675,vrs
3677,lht
3678,aoi
3679,are
3680,bcj
3685,djn
3690,gia
3691,mep
3693,guf
3697,gcd
3698,gni
3699,gup
3700,gyd
3701,gww
3704,piu
3706,mem
3710,nyh
3711,nuy
3712,tcs
3713,rmb
3716,tiw
3717,ung
3718,xgu
3720,jao
3722,wbp
3726,wmt
3727,wdj
3728,wro
3732,myy
3733,bfo
3734,qus
3735,vav
3740,vam
3741,kih
3742,ksi
3744,elk
3745,rwa
3747,sso
3748,tmq
3749,bpe
3751,yis
3753,dia
3754,amn
3755,agg
3756,bbf
3757,sug
3758,dnd
3759,fqs
3760,gnu
3761,grx
3762,kbv
3763,kwo
3764,niz
3765,smf
3766,wrs
3767,yll
3768,kuy
3769,wik
3771,wim
3774,sei
3775,pia
3776,ong
3779,kyc
3781,mwp
3787,tew
3788,twf
3789,kwk
3790,fue
3793,bep
3794,mvp
3795,zom
3798,law
3799,pdo
3800,npy
3804,ppk
3806,kvd
3809,ppm
3811,nxg
3812,abz
3815,jaa
3817,pad
3818,wca
3819,nwm
3822,aim
3823,pmx
3824,tow
3825,sre
3826,sbx
3827,bgz
3829,yur
3830,tol
3831,poo
3832,peb
3833,hup
3834,kyh
3835,blc
3836,hei
3837,agi
3839,nng
3840,tro
3844,blm
3847,gbn
3851,saz
3853,ady
3856,ort
3857,tfr
3858,unx
3859,nmh
3860,pcl
3862,chl
3865,tcy
3870,aww
3871,akq
3872,kmn
3873,bye
3874,xrw
3875,aad
3876,aun
3877,stf
3878,yyu
3880,ywa
3881,nnm
3883,biz
3886,lal
3892,ump
3895,nlx
3898,myh
3908,kep
3911,bhx
3914,kfb
3916,nkb
3917,apj
3918,kmb
3920,cya
3921,shs
3922,kfr
3923,kmj
3926,stk
3929,beo
3930,bon
3933,kkc
3934,bco
3935,xla
3936,kxw
3937,khs
3939,onn
3940,ppt
3942,tla
3943,cnl
3944,cle
3945,hrv
3946,srp
3947,gul
3948,cte
3949,zpm
3950,azg
3951,mez
3952,ono
3953,pot
3954,azm
3958,czn
3959,pxm
3960,ztp
3963,agl
3965,chk
3966,lul
3967,kla
3968,ott
3970,mxb
3972,mtu
3973,mks
3974,mxa
3975,zpo
3976,pci
3978,gok
3982,bxb
3986,cro
3987,fla
3988,ats
3990,tml
3991,txt
3992,nbq
3996,hio
3997,sbs
3998,yey
3999,brl
4002,hnh
4003,ctz
4004,trq
4006,sir
4010,dad
4011,ena
4014,aki
4015,bwm
4017,nas
4021,zpr
4022,itz
4026,mpm
4032,aly
4033,wrk
4034,thd
4035,etr
4036,kpw
4037,kql
4039,gbe
4040,ppq
4041,sny
4042,taw
4043,tmd
4045,aaf
4047,kev
4049,mjv
4050,vmc
4051,mza
4055,mpn
4056,imo
4057,asb
4061,kpk
4062,jub
4063,zpt
4064,mii
4065,lyn
4066,yax
4067,vmj
4070,xub
4071,muv
4077,pcg
4078,kfa
4087,alq
4088,crj
4089,umu
4090,sac
4092,lhm
4093,thl
4099,dty
4100,ghe
4101,syw
4102,suz
4103,tkt
4104,thr
4107,smq
4109,adn
4114,bqr
4115,bgv
4116,mhs
4117,kzf
4119,ddg
4123,tes
4124,kyo
4125,lmy
4127,sau
4130,weo
4133,txq
4134,tdt
4135,jaq
4139,ulu
4140,kjd
4141,soy
4143,byx
4147,adi
4148,lmk
4149,yim
4150,sle
4152,soi
4153,nkh
4154,nag
4156,nln
4157,cay
4160,jml
4164,kip
4165,kra
4166,kix
4169,kic
4170,lbr
4171,raf
4172,bhj
4173,rjs
4174,thf
4175,juo
4176,msy
4177,ktm
4178,mbh
4179,ltz
4180,lzz
4181,sdh
4183,ctu
4188,xuj
4189,zrg
4193,gaq
4195,gdb
4197,tce
4200,ztl
4201,dhi
4202,jul
4203,rji
4207,url
4208,kle
4209,dhw
4210,kfd
4212,hoy
4225,the
4226,ybh
4228,sna
4229,bfg
4232,aqm
4234,bdb
4235,bvz
4237,saw
4238,set
4239,nlk
4241,mgp
4242,xsr
4243,kxl
4246,skd
4247,ute
4248,acv
4249,chw
4251,kdx
4253,geg
4254,bqw
4257,abo
4258,wme
4259,ybi
4261,vaj
4263,dry
4264,rcf
4265,gnk
4267,dbj
4268,drg
4269,txa
4270,jnl
4272,rav
4273,khz
4274,ygw
4275,sxb
4276,djo
4281,zpq
4282,kyz
4284,kzs
4286,dmg
4288,nnz
4289,rue
4290,ijc
4291,kri
4293,ton
4294,kjs
4295,kqj
4296,mva
4297,dny
4299,tue
4300,hto
4301,mrq
4302,ngk
4303,wyy
4304,rtm
4305,tvl
4306,hif
4307,rar
4308,jig
4309,gnn
4310,gue
4311,mwf
4312,pjt
4314,wrm
4315,kdd
4316,yij
4318,tuc
4320,cjv
4322,twh
4324,ncm
4325,twr
4326,zty
4328,ags
4329,ass
4333,bgr
4334,haj
4336,tpe
4337,nhu
4338,bdu
4339,pfe
4340,sgi
4342,dow
4343,fub
4344,ppi
4345,klb
4349,krw
4350,cld
4352,ndz
4353,yom
4357,bzv
4358,dmo
4359,bkc
4361,xmg
4362,tvu
4365,tba
4366,yab
4367,xsu
4368,bwu
4370,acn
4371,sru
4372,zca
4373,mjc
4376,vay
4377,brx
4379,myp
4383,xta
4386,sne
4387,tdj
4388,tww
4391,soq
4392,kdq
4393,orc
4394,psa
4395,xes
4396,azo
4397,bbj
4398,ngn
4399,lmx
4401,byv
4402,oku
4407,bmu
4409,alh
4411,uar
4412,sdo
4413,lra
4414,nid
4415,jmx
4416,muz
4417,pkh
4419,rmz
4422,tbo
4423,ksm
4425,zhi
4428,glw
4429,hia
4430,syk
4433,bfm
4434,bmv
4435,nbv
4437,bgj
4440,zpv
4443,bnp
4444,mqz
4445,nof
4446,sol
4450,mmg
4451,sah
4452,ron
4462,erg
4463,ahb
4464,omb
4465,tvk
4466,akr
4467,aul
4469,fuy
4470,bpa
4473,fut
4474,lmu
4475,lpa
4476,sns
4481,mxe
4482,nkk
4486,nmk
4487,nmb
4492,pbn
4493,pih
4494,pma
4496,mps
4499,sax
4500,tah
4503,biv
4504,bis
4506,bvr
4507,ckh
4508,eve
4509,djr
4510,uzn
4511,ckt
4513,fuh
4516,ykg
4517,lgm
4519,hau
4523,ibd
4526,aha
4528,suj
4529,tek
4530,sfw
4531,rop
4532,lgq
4534,tcd
4535,vmw
4537,mpc
4538,mnx
4539,lev
4540,mym
4543,bqv
4545,ntj
4547,pst
4549,wss
4551,sxn
4556,sig
4562,tpm
4564,tsb
4566,aso
4567,bhw
4568,vie
4569,wuv
4576,tgp
4577,tls
4578,vra
4580,crc
4581,tnp
4583,bip
4584,nnb
4585,bmy
4591,snw
4592,wof
4598,nco
4601,rwm
4604,lun
4606,mbj
4607,avn
4608,bel
4609,als
4612,mgm
4613,kem
4614,bkx
4616,nlc
4619,uhn
4621,lbx
4624,pku
4628,duq
4629,dun
4633,duw
4635,mqg
4640,mtd
4641,knl
4644,rir
4646,klw
4647,ums
4649,lbw
4650,cia
4651,kjc
4652,aaz
4655,lex
4656,alp
4657,jmd
4658,frd
4659,slu
4661,mtg
4662,afz
4663,kgr
4664,hea
4666,mrn
4667,ont
4668,aoj
4669,lpo
4671,iii
4672,ccp
4674,zpz
4675,maa
4676,vmz
4677,nhy
4678,ztg
4679,nlv
4682,kma
4683,rao
4685,ptu
4687,kvo
4689,ljp
4690,mqj
4691,osi
4692,btd
4694,wuu
4696,div
4697,evn
4698,hni
4699,bfs
4700,nxq
4702,kvf
4704,sdr
4706,etn
4707,llp
4708,erk
4709,tnk
4712,psw
4715,klv
4718,nrg
4723,caf
4724,neq
4725,ahl
4728,akp
4729,bov
4731,xtn
4733,kow
4735,bkr
4736,ayt
4737,puo
4738,oss
4743,ppl
4748,bsp
4749,mbv
4750,bun
4751,ngw
4755,wom
4759,bom
4760,agd
4762,mfd
4764,tat
4766,aal
4767,moi
4768,ogo
4769,bvw
4770,ttc
4771,muo
4774,orh
4776,dta
4777,krc
4780,hid
4785,kum
4786,aks
4787,xkb
4788,ayg
4790,dai
4791,sor
4792,jiu
4794,tdd
4798,qum
4799,mxs
4801,bgc
4802,gdx
4804,zpx
4805,zps
4806,yiz
4808,zab
4809,wud
4811,blo
4816,cco
4817,zao
4818,ctp
4819,mxp
4821,dtd
4822,ztq
4823,hur
4826,cly
4827,smu
4829,vmx
4831,kmc
4833,lip
4834,qxq
4838,lez
4839,dos
4841,dnn
4845,tuz
4846,vig
4847,bxl
4848,sep
4849,hmb
4852,mqh
4853,how
4855,swi
4857,skq
4859,arg
4861,pmq
4862,xty
4863,kbd
4864,yuy
4865,ybe
4866,sce
4880,asr
4881,lar
4882,sgb
4884,kyk
4886,ayb
4887,sxw
4888,kqk
4889,nyb
4892,cli
4893,cll
4894,nnu
4895,mfq
4896,mae
4897,tdb
4899,biy
4903,plc
4907,tku
4908,tpp
4911,tng
4912,kqp
4913,glj
4917,ndm
4920,gab
4923,nmc
4924,ndy
4926,kwg
4927,kxj
4928,kwv
4931,tmc
4934,bmj
4943,sjo
4945,miu
4949,hmj
4951,snf
4952,sav
4953,cae
4954,ndv
4955,mzj
4956,emk
4958,tab
4959,ava
4961,bbw
4962,bav
4963,bvm
4964,mtk
4965,bfj
4966,yhd
4967,lad
4974,dyu
4975,bje
4976,nos
4978,zyb
4981,zyg
4982,fap
4983,yix
4986,uba
4989,zbu
4990,tnr
4991,gye
4992,gyz
4993,xuo
4994,kvi
4995,cwt
4997,mfg
4998,jad
4999,bmd
5002,wut
5005,geb
5006,gai
5011,mro
5013,lga
5021,mdb
5024,akh
5026,kyg
5027,mrh
5031,azj
5033,nna
5064,akg
5067,mwq
5068,mkz
5069,mhz
5071,slp
5074,gor
5088,bei
5092,cnk
5096,gnm
5097,pwg
5098,dgz
5101,ymk
5103,bmk
5104,mkn
5105,dmw
5106,gmb
5107,wmo
5108,aer
5109,dww
5113,ccl
5114,ino
5119,arv
5120,trd
5122,mpj
5123,zeh
5126,tji
5128,tby
5131,awn
5132,snl
5133,pwm
5139,clt
5140,sez
5141,czt
5142,tvn
5145,hlt
5147,twu
5148,sua
5154,kvr
5157,jax
5159,wno
5160,wod
5161,mhl
5162,pud
5167,whg
5169,eky
5170,nfa
5171,cek
5172,pdu
5175,ksg
5176,cmr
5177,jmn
5178,tcp
5179,zyp
5183,bgn
5185,eng
5400,tnv
5547,kpa
5702,bob
5703,dim
5705,kmw
5706,kty
6000,ble
6002,swb
6003,zdj
6004,dzg
6005,nhb
6006,eot
6007,knz
6008,kqm
6010,kxb
6014,cme
6015,sen
6016,dih
6017,wan
6018,adq
6019,kef
6021,abr
6022,aug
6023,xwl
6024,tfi
6029,dre
6030,wlc
6031,wni
6041,ztu
6042,xtm
6045,ncl
6046,gio
6058,kzr
6061,uuu
6065,mml
6069,byo
6070,ktp
6076,yif
6077,ysp
6078,yiu
6085,smh
6088,mkg
6092,mmd
6100,wmw
6103,wic
6104,huh
6113,buh
6123,kap
6126,xtd
6136,zln
6137,bpn
6144,yah
6146,wem
6149,cib
6153,tja
6154,xwe
6155,nfr
6156,nku
6160,pmi
6167,hmw
6168,hmg
6169,nst
6173,sch
6175,kaa
6177,rnl
6179,wbq
6180,tvt
6181,nnp
6189,aec
6195,kid
6202,xti
6205,add
6207,isu
6212,ckx
6213,bse
6214,bqt
6215,bbq
6216,bby
6218,bxs
6220,kdz
6225,zng
6227,duu
6229,kvm
6231,jms
6232,mgg
6234,nfu
6235,mij
6236,mfk
6237,czh
6240,hsn
6245,hrm
6246,hml
6248,giw
6249,nuf
6266,ncr
6268,njj
6270,ost
6271,ndu
6272,mea
6273,weh
6274,uiv
6284,pnu
6285,pha
6289,jqr
6291,god
6292,das
6293,lig
6297,gry
6301,any
6303,sbd
6304,pnq
6308,ica
6309,bqa
6311,tiq
6312,anf
6313,dsq
6314,jow
6316,pah
6320,cfg
6321,ktc
6322,jni
6325,ldk
6326,nbp
6329,pbl
6330,sjp
6333,cov
6339,suv
6340,awa
6346,bho
6348,bca
6350,hms
6351,nat
6357,ijj
6358,cbj
6359,twx
6360,tke
6364,zaf
6368,ktn
6370,mut
6371,bra
6372,crv
6376,shj
6377,mgd
6381,diw
6382,tex
6383,erh
6385,zns
6386,otq
6390,akw
6392,bof
6393,bzx
6394,dde
6395,xkg
6396,kwc
6397,mdu
6398,pcm
6400,daq
6401,caq
6402,kru
6405,zpj
6406,xtl
6407,nhx
6408,mvg
6410,duv
6411,aku
6412,ael
6413,ato
6414,cug
6415,tef
6416,ncb
6417,iyx
6418,ikw
6420,amr
6428,npi
6429,acq
6430,mrg
6433,kph
6438,ite
6440,kkj
6468,bwq
6480,luz
6627,abk
6647,abl
6662,guq
6758,dyg
6765,thm
6793,aio
6794,ahp
6809,twi
6817,aik
6818,tsr
6891,all
6898,alt
6913,avd
6941,amk
6989,anr
7006,agm
7009,anp
7018,boj
7029,anj
7031,and
7038,auq
7055,apw
7070,apu
7089,afb
7099,acw
7117,avl
7118,ayl
7142,ayp
7174,atq
7188,arr
7256,arx
7269,ahs
7270,cjo
7282,asc
7285,cns
7316,aph
7321,aot
7334,att
7335,atp
7340,aup
7398,awe
7414,abp
7417,blx
7471,bqx
7520,bgq
7543,bqh
7547,bab
7551,bdl
7591,bjw
7617,bgx
7618,bqo
7666,lnl
7680,liy
7721,bgf
7731,bsj
7754,brd
7780,bgd
7786,bch
7824,bak
7828,bst
7853,btz
7859,btm
7884,bge
7898,bfr
7906,bej
7971,pse
8014,bew
8023,bet
8035,bhi
8036,bhb
8065,noi
8073,bhu
8113,ubl
8121,bto
8131,bjg
8137,bix
8185,bzi
8193,beu
8225,bdv
8241,bus
8244,bdt
8250,bky
8270,smk
8302,bot
8340,bly
8351,boo
8352,boz
8374,bkk
8379,brv
8389,bub
8397,bvb
8437,bhh
8442,tkb
8459,byp
8499,wun
8515,blf
8542,bzu
8556,bds
8573,dox
8592,bee
8593,mkk
8612,cky
8616,rmq
8663,cav
8669,tye
8694,ceg
8700,cdg
8705,cha
8709,cna
8710,shy
8712,cdn
8721,ruk
8722,che
8750,chb
8751,pei
8789,cnw
8807,cih
8894,nhd
8896,ctg
8897,rhg
8898,cgk
8901,cog
8933,cuh
8950,cdj
8957,chv
8978,cin
8979,asg
9069,dgd
9084,dka
9096,dms
9118,dna
9128,dar
9138,gbz
9144,drd
9147,dot
9149,tcc
9188,dax
9193,dcc
9203,dgu
9242,dwu
9244,dwy
9250,dio
9288,dib
9290,dks
9294,dik
9308,ddi
9310,gdl
9344,djm
9367,dbi
9368,uya
9372,rmt
9393,doy
9406,doz
9409,tds
9424,dub
9437,dus
9443,dng
9448,duh
9495,dzl
9507,igb
9517,ega
9519,eip
9546,emn
9548,bdc
9642,ert
9648,myv
9651,esh
9663,eto
9715,ewo
9735,fab
9749,fal
9757,fng
9769,fao
9803,fpe
9856,fod
9923,fuq
9930,fuv
9942,fuc
9948,ula
9959,fwe
9960,ttb
9966,gbj
9979,gag
10007,dwr
10008,gof
10026,gbm
10065,gwd
10100,krs
10112,gso
10132,gbp
10208,ghr
10245,kmp
10250,toh
10320,goj
10325,goz
10335,gbo
10340,grj
10351,gro
10362,gvj
10377,gnw
10383,gdu
10387,gdf
10442,rub
10461,wle
10463,sgw
10464,ior
10469,mvz
10475,ggg
10489,gyn
10517,hgw
10520,hgm
10529,hld
10562,hro
10596,hwc
10597,hac
10606,haz
10607,xed
10616,hem
10633,hnd
10638,hii
10649,lic
10700,hru
10710,var
10782,idd
10787,idu
10796,ife
10812,ibo
10837,ikk
10838,ikz
10890,inj
10899,inh
10901,loc
10906,int
10907,ike
10930,ipi
10956,srl
10996,itv
11010,iti
11011,tis
11064,jdg
11094,jnd
11095,jna
11098,jru
11132,jeh
11137,jer
11143,jya
11178,jiy
11194,jrt
11198,jge
11208,kfo
11209,kga
11220,jud
11229,juy
11257,kea
11261,cwa
11267,kcx
11270,koe
11277,xkk
11279,kej
11280,kad
11294,zkn
11320,kzq
11354,xkj
11397,tec
11400,kyb
11434,kli
11439,kwa
11447,kci
11448,jmr
11460,kay
11481,irx
11491,hig
11500,xns
11501,bjj
11504,gam
11522,kft
11533,xkt
11535,kni
11569,klo
11573,kza
11592,mdt
11610,krl
11616,kvq
11617,ghk
11618,kvt
11619,kxf
11620,jkp
11627,pww
11638,kvu
11639,kvy
11652,kxh
11673,csb
11675,ksn
11715,kbb
11726,xkn
11751,kyv
11787,xem
11795,knx
11858,xky
11890,xte
11903,kjh
11911,klr
11914,kjl
11915,kif
11932,ksu
11956,lyg
11959,xkf
11962,kwx
11977,xkc
11978,kmz
11988,kfm
12025,nes
12026,cik
12027,kjo
12048,kiu
12079,kib
12093,kcs
12096,kwl
12133,ekl
12139,kvv
12146,nit
12163,kmy
12186,koi
12190,kpv
12198,kxc
12205,kwy
12225,knn
12253,ozm
12259,kqy
12264,ksz
12275,okh
12280,krf
12288,khe
12291,kpq
12297,kfp
12318,eko
12343,krv
12347,bmf
12356,ktj
12373,krr
12409,kfg
12445,vkl
12477,xks
12497,kdn
12544,nbn
12552,kfh
12566,xkz
12571,kpb
12572,xis
12583,kdc
12600,kwu
12617,kya
12619,xwg
12623,kwe
12628,cwe
12642,kgy
12682,lhu
12689,lbe
12702,lkh
12704,lkn
12705,leb
12715,lax
12733,bma
12770,lrl
12788,lur
12797,lbo
12825,lec
12856,liw
12875,enl
12876,enx
12879,ldg
12901,nms
12909,lww
12922,lhp
12929,liq
12951,kxx
12954,lma
12971,onb
13018,loq
13026,lbm
13036,lhl
13053,llb
13054,loa
13082,loy
13090,uvl
13100,kcc
13104,ldq
13117,lui
13128,lnd
13183,lri
13184,lrm
13187,lwg
13213,ymm
13228,mmz
13260,mme
13285,mxx
13290,ayz
13301,mmm
13336,mum
13340,mjz
13346,mcp
13364,mgh
13367,vmk
13379,lva
13383,mkb
13388,xmv
13389,tdx
13392,bhr
13403,txy
13405,mlk
13419,bvu
13426,xmm
13427,max
13428,msi
13478,xdy
13495,mlx
13506,mgq
13553,mqx
13585,mdr
13591,tbf
13617,mge
13627,mku
13628,msc
13629,mlq
13631,mwk
13703,vmh
13709,mgb
13728,mhr
13730,mrr
13792,dhd
13797,swv
13818,msb
13823,mho
13836,mgv
13840,mpq
13841,met
13847,mcf
13849,mgw
13856,mgk
13871,mmc
13874,mzi
13875,vmp
13934,mqb
13958,mef
13982,mfx
13983,mlw
13996,mct
14016,meq
14018,ulk
14043,mtr
14094,xmf
14145,cmo
14164,old
14165,mxd
14196,cvg
14197,kkf
14200,twm
14212,mdf
14246,mog
14281,mzq
14283,xmz
14301,mrp
14302,mrl
14330,mcx
14340,mpa
14356,moz
14426,emu
14429,fmu
14455,mui
14466,muy
14485,nao
14567,nmo
14640,nhi
14683,nmq
14713,cox
14745,nti
14748,nxa
14757,nyq
14759,nlu
14780,dne
14789,ndl
14797,ndx
14849,szb
14908,nnh
14912,jle
14920,jgo
14926,nla
14966,pcc
15006,tgj
15032,nog
15036,lem
15046,icr
15051,nob
15058,nse
15081,kcn
15086,nus
15107,nop
15137,npb
15143,cbn
15164,nnj
15167,nya
15183,nyw
15201,nys
15202,nyu
15203,nzy
15205,nja
15236,ogb
15239,eri
15240,oia
15251,ojw
15281,iko
15287,mgx
15289,omi
15296,omw
15313,ors
15347,gaz
15412,pta
15421,rbb
15422,pll
15425,pln
15427,pcf
15460,pbh
15461,psn
15481,pnc
15500,pak
15505,pch
15509,prp
15537,psi
15546,pbt
15555,lae
15602,peg
15621,phk
15624,phl
15706,pkb
15751,pps
15790,pum
15792,pmj
15799,puc
15804,pua
15834,qxa
15835,qxn
15836,qwa
15837,qwh
15841,qws
15842,qve
15843,qxu
15860,qvh
15861,qxh
15862,quf
15865,qvm
15866,qul
15875,qup
15876,qxp
15877,qva
15890,qux
15896,qud
15897,qxr
15898,qvj
15900,quw
15944,rtw
15945,rau
15962,rat
15963,atu
15964,rej
16006,rml
16014,rmc
16056,rup
16075,cla
16077,rng
16089,row
16092,llg
16094,rgu
16099,rdb
16107,ruc
16185,saj
16190,sjl
16192,sjb
16196,sku
16204,slr
16230,sse
16238,ssb
16266,stj
16279,scg
16291,sgr
16306,san
16308,stn
16421,tvw
16427,seg
16438,skx
16468,sdm
16476,sbr
16480,smy
16498,sef
16569,crs
16581,srz
16582,shm
16608,scv
16613,sdp
16645,shg
16657,scu
16674,sya
16696,tty
16711,sie
16746,snd
16750,sgp
16771,siy
16788,xsl
16810,sob
16824,soa
16872,sqq
16891,sbu
16896,szp
16910,stb
16914,suc
16921,sue
16941,ssk
16964,suy
17017,rob
17053,tyr
17083,tgk
17093,nho
17094,tak
17109,tdf
17116,tly
17134,thz
17169,ptq
17175,tpu
17207,tpj
17210,tcu
17214,txn
17227,tov
17258,tvs
17264,tbp
17265,twy
17266,tyz
17291,kps
17302,ebo
17405,twe
17453,thw
17461,mnl
17469,tcn
17480,itd
17518,tpz
17549,tkl
17572,tdn
17582,txs
17588,tnt
17614,toc
17615,tlp
17616,tqt
17617,top
17620,ttk
17626,tsp
17708,mjg
17734,khc
17735,bhq
17738,bag
17746,tpq
17779,mzb
17783,tnb
17793,tug
17802,tpr
17845,tru
17860,tyv
17897,udm
17903,ugo
17994,vaa
17995,vaf
18009,vah
18022,vas
18049,vid
18077,vun
18126,wlw
18139,ola
18162,wad
18206,wrp
18223,wtk
18224,wat
18234,wau
18237,wow
18260,wew
18276,wer
18279,kvw
18289,wwo
18296,mtp
18338,wsi
18342,xan
18361,nmn
18417,yky
18480,yap
18506,yva
18541,ynq
18548,yeu
18551,yet
18557,yig
18578,ydg
18583,yin
18600,yno
18626,yoy
18650,ems
18654,yuq
18663,zkr
18674,zau
18676,zro
18679,zte
18681,zsr
18688,zpk
18698,zay
18707,zch
18730,gnd
18735,zuy
18754,bgp
18774,clk
18776,dhn
18798,gvr
18807,kex
18811,kfq
18816,khn
18831,mjt
18847,new
18858,pgg
18867,srb
18879,yea
18885,cdi
18887,gas
18904,mke
18923,bmm
18937,ase
18951,bgg
18955,bjx
18962,bpx
18970,bzs
18985,cnc
18991,csa
18998,csn
19000,csr
19005,def
19013,dso
19021,fak
19022,fay
19028,gbh
19048,hca
19052,hmz
19053,hoa
19063,ikx
19073,itt
19074,ity
19075,jda
19079,jos
19080,jsl
19102,kvk
19114,lon
19126,mfs
19128,mhp
19144,msh
19157,nch
19186,nzs
19209,pks
19226,pwr
19228,qxo
19236,rms
19239,rsl
19249,skj
19254,spt
19274,tkx
19305,ukl
19320,wiv
19335,wtm
19347,yiq
19360,ywl
19362,ywq
19365,zga
19381,eus
19397,cnb
19399,mfb
19426,rmo
19433,dnj
19467,kjp
19473,dhg
20003,tpx
20008,kcg
20015,jkr
20016,mki
20019,skr
20033,sbe
20038,kkn
20046,pbo
20048,onp
20087,yss
20093,gym
20106,dwz
20132,seh
20178,ntm
20187,zaz
20328,aza
20335,cen
20352,cfm
20354,gmv
20360,zgb
20365,hnj
20370,hkk
20386,eyo
20400,lhi
20414,lsh
20416,zlj
20418,lpn
20425,wmd
20434,udg
20440,ntu
20464,rki
20466,rkt
20469,lsm
20476,swo
20480,stv
20481,sfm
20485,nsd
20488,ekk
20490,ssc
20530,zyn
20531,zyj
20533,zzj
20739,zlm
20938,mmo
21015,cqd
21054,ttq
21070,djk
21219,emg
21235,njb
21237,tnn
21238,ngc
21793,zkd
22437,muk
22496,dto
22515,clj
22524,wci
22547,njz
22589,apc
22590,apd
22665,pnb
22671,spv
22715,esg
22716,wsg
22770,ada
22771,atb
22773,bap
22774,bcc
22776,bfb
22786,blr
22787,blk
22788,bno
22790,bsq
22791,btt
22794,bxr
22797,dgi
22798,eja
22799,grt
22800,gux
22801,hye
22811,lis
22812,lom
22813,lub
22814,mag
22815,mfv
22816,mgr
22820,mrw
22822,mww
22823,mzm
22825,nmz
22826,nyy
22831,rmn
22832,srx
22834,tdg
22835,tvd
22841,naq
22852,sct
22853,ncq
22871,mcn
22882,bzc
22981,mcq
22982,ysn
22983,nak
22984,bzz
22986,abt
22988,ddn
22990,rmy
22992,spa
22994,tzh
22995,dip
22996,kqo
22998,swh
23001,mpg
23003,khy
23004,nwi
23005,yuf
23006,isi
23008,mam
23009,soe
23010,ycl
23011,nfd
23012,jio
23013,mlf
23014,gby
23015,bqg
23019,roh
23020,acr
23022,kgj
23023,mim
23024,phr
23026,nnd
23027,sss
23028,mng
23029,cak
23031,grv
23032,ahr
23033,wms
23034,giz
23035,bpu
23036,gya
23039,ykm
23040,xtc
23041,hus
23042,toi
23043,kcv
23045,ngt
23047,nbm
23049,qxs
23050,alk
23051,pof
23052,kee
23055,pko
23057,mlm
23058,prt
23061,viv
23062,bcu
23064,ndd
23065,dud
23066,lwo
23067,ida
23068,poh
23070,bwx
23073,tzj
23074,mbu
23075,nbb
23076,oru
23077,baw
23078,cdm
23079,ixl
23080,mvf
23083,mip
23085,piy
23086,oyb
23089,nii
23090,bww
23091,poc
23093,isd
23094,nlo
23095,ukw
23096,tlr
23097,thq
23098,kne
23099,bcf
23101,ade
23102,vum
23103,afe
23104,tzo
23105,upv
23106,gax
23213,nxk
23217,jmw
23295,nqy
23415,fkk
23776,ktz
23813,anl
23902,lcp
24060,grh
24065,kdp
24072,acm
24073,arp
24075,bex
24078,bja
24082,gwi
24083,chf
24087,jwi
24105,ram
24180,aau
27010,bku
